function,module_file
DefaultArgs,tf_toolbox/utils/args.py
ButFilter,tf_toolbox/utils/filtering.py
Filter0,tf_toolbox/utils/filtering.py
FirFilter,tf_toolbox/utils/filtering.py
AdaptiveFilter,tf_toolbox/utils/filtering.py
MTFilter,tf_toolbox/utils/filtering.py
LocalMinima,tf_toolbox/utils/peaks.py
PowerPeakStats,tf_toolbox/utils/peaks.py
PhaseFromCycles,tf_toolbox/utils/peaks.py
WhitenSignal,tf_toolbox/utils/dsp.py
PointFFT,tf_toolbox/utils/dsp.py
mtparam,tf_toolbox/spectral/multitaper.py
mtfft,tf_toolbox/spectral/multitaper.py
mtcsd,tf_toolbox/spectral/multitaper.py
mtcsdfast,tf_toolbox/spectral/multitaper.py
mtcsdlong,tf_toolbox/spectral/multitaper.py
mtcsdglong,tf_toolbox/spectral/multitaper.py
mtchd,tf_toolbox/spectral/multitaper.py
mtchdfast,tf_toolbox/spectral/multitaper.py
mtchglong,tf_toolbox/spectral/multitaper.py
mtptcsd,tf_toolbox/spectral/multitaper.py
mtptchd,tf_toolbox/spectral/multitaper.py
welch_psd,tf_toolbox/spectral/classical.py
periodogram_psd,tf_toolbox/spectral/classical.py
Harmonix,tf_toolbox/spectral/harmonics.py
TrigSpecgram,tf_toolbox/timefreq/spectrogram.py
mtcsglong,tf_toolbox/timefreq/spectrogram.py
mtcsglongEd,tf_toolbox/timefreq/spectrogram.py
TrigCoherogram,tf_toolbox/timefreq/coherencegram.py
mtchglong,tf_toolbox/timefreq/coherencegram.py
Comodugram,tf_toolbox/timefreq/comodulogram.py
ComodugramRank,tf_toolbox/timefreq/comodulogram.py
HilbertPhase,tf_toolbox/timefreq/hilbert.py
CCG,tf_toolbox/connectivity/ccg.py
Trains2CCG,tf_toolbox/connectivity/ccg.py
CCG_part,tf_toolbox/connectivity/ccg.py
CatTrains,tf_toolbox/connectivity/ccg.py
CCGSignif,tf_toolbox/connectivity/ccg_stats.py
CCGSignifConv,tf_toolbox/connectivity/ccg_stats.py
JPSTH,tf_toolbox/connectivity/spike_field.py
TrigRasters,tf_toolbox/connectivity/spike_field.py
PowerPhasePairs,tf_toolbox/connectivity/spike_field.py
FiringRate,tf_toolbox/connectivity/spike_field.py
UnitGammaLocking,tf_toolbox/connectivity/spike_field.py
ThetaParams,tf_toolbox/oscillations/theta.py
ThGamMod,tf_toolbox/oscillations/theta.py
Gamma_EcHpc_G,tf_toolbox/oscillations/gamma.py
Gamma_EcHpc_GM,tf_toolbox/oscillations/gamma.py
Gamma_EcHpc_GU,tf_toolbox/oscillations/gamma.py
Gamma_EcHpc_GMU,tf_toolbox/oscillations/gamma.py
DetectOscillations,tf_toolbox/oscillations/gamma.py
DetectRipples,tf_toolbox/oscillations/gamma.py
CheckEegStates,tf_toolbox/states/eeg_states.py
CheckEegStates_OLD,tf_toolbox/states/eeg_states.py
